year,council_slug,council,authority_type,race_count,total_seats,below_quota_seats,below_quota_share
2026,adur,Adur,,14,14,14,1.000000
2026,barking-and-dagenham,Barking and Dagenham,,18,48,0,0.000000
2026,barnet,Barnet,,24,63,5,0.079365
2026,barnsley,Barnsley,,21,63,0,0.000000
2026,basildon,Basildon,,14,14,12,0.857143
2026,basingstoke-and-deane,Basingstoke & Deane,,18,19,17,0.894737
2026,bexley,Bexley,,17,45,0,0.000000
2026,birmingham,Birmingham,,36,49,26,0.530612
2026,blackburn-with-darwen,Blackburn With Darwen,,17,17,13,0.764706
2026,bolton,Bolton,,20,20,20,1.000000
2026,bradford,Bradford,,29,87,0,0.000000
2026,brentwood,Brentwood,,13,14,10,0.714286
2026,bromley,Bromley,,22,58,5,0.086207
2026,broxbourne,Broxbourne,,10,10,9,0.900000
2026,burnley,Burnley,,15,15,5,0.333333
2026,bury,Bury,,16,16,16,1.000000
2026,calderdale,Calderdale,,18,54,0,0.000000
2026,cambridge,Cambridge,,14,15,11,0.733333
2026,camden,Camden,,20,55,0,0.000000
2026,cannock-chase,Cannock Chase,,12,13,3,0.230769
2026,chelmsford,Chelmsford,,1,1,1,1.000000
2026,cheltenham,Cheltenham,,20,20,15,0.750000
2026,cherwell,Cherwell,,16,18,18,1.000000
2026,chesterfield,Chesterfield,,1,2,0,0.000000
2026,chorley,Chorley,,14,14,13,0.928571
2026,city-of-lincoln,City Of Lincoln,,11,11,11,1.000000
2026,colchester,Colchester,,17,17,16,0.941176
2026,coventry,Coventry,,18,54,0,0.000000
2026,crawley,Crawley,,11,12,12,1.000000
2026,croydon,Croydon,,28,70,6,0.085714
2026,dudley,Dudley,,24,25,20,0.800000
2026,ealing,Ealing,,24,70,1,0.014286
2026,east-hertfordshire,East Hertfordshire,,1,1,1,1.000000
2026,east-surrey,East Surrey,,36,72,12,0.166667
2026,east-sussex,East Sussex,,50,50,43,0.860000
2026,eastleigh,Eastleigh,,14,15,13,0.866667
2026,enfield,Enfield,,25,63,5,0.079365
2026,epping-forest,Epping Forest,,18,18,13,0.722222
2026,essex,Essex,,77,77,68,0.883117
2026,exeter,Exeter,,13,14,11,0.785714
2026,fareham,Fareham,,16,16,14,0.875000
2026,gateshead,Gateshead,,22,66,0,0.000000
2026,gloucestershire,Gloucestershire,,1,1,1,1.000000
2026,gosport,Gosport,,14,14,11,0.785714
2026,great-yarmouth,Great Yarmouth,,1,1,1,1.000000
2026,greenwich,Greenwich,,23,55,4,0.072727
2026,guildford,Guildford,,1,1,1,1.000000
2026,hackney,Hackney,,21,57,0,0.000000
2026,halton,Halton,,18,19,15,0.789474
2026,hammersmith-and-fulham,Hammersmith and Fulham,,21,50,0,0.000000
2026,hampshire,Hampshire,,76,78,71,0.910256
2026,haringey,Haringey,,21,57,3,0.052632
2026,harlow,Harlow,,11,11,3,0.272727
2026,harrow,Harrow,,21,53,3,0.056604
2026,hart,Hart,,11,11,9,0.818182
2026,hartlepool,Hartlepool,,12,12,7,0.583333
2026,hastings,Hastings,,16,17,11,0.647059
2026,havant,Havant,,12,12,9,0.750000
2026,havering,Havering,,7,19,4,0.210526
2026,hertfordshire,Hertfordshire,,1,1,1,1.000000
2026,hertsmere,Hertsmere,,1,1,1,1.000000
2026,hillingdon,Hillingdon,,1,3,0,0.000000
2026,horsham,Horsham,,1,1,1,1.000000
2026,hounslow,Hounslow,,22,62,3,0.048387
2026,huntingdonshire,Huntingdonshire,,26,52,10,0.192308
2026,hyndburn,Hyndburn,,11,11,11,1.000000
2026,ipswich,Ipswich,,16,16,16,1.000000
2026,isle-of-wight,Isle Of Wight,,39,39,29,0.743590
2026,islington,Islington,,17,51,0,0.000000
2026,kensington-and-chelsea,Kensington and Chelsea,,15,42,0,0.000000
2026,kingston-upon-hull,Kingston Upon Hull,,19,19,16,0.842105
2026,kingston-upon-thames,Kingston upon Thames,,19,48,0,0.000000
2026,kirklees,Kirklees,,1,3,0,0.000000
2026,knowsley,Knowsley,,15,16,12,0.750000
2026,lambeth,Lambeth,,25,63,3,0.047619
2026,leeds,Leeds,,33,36,25,0.694444
2026,lewes,Lewes,,1,2,0,0.000000
2026,lewisham,Lewisham,,19,54,0,0.000000
2026,manchester,Manchester,,32,32,26,0.812500
2026,merton,Merton,,20,57,0,0.000000
2026,mid-sussex,Mid Sussex,,1,1,1,1.000000
2026,milton-keynes,Milton Keynes,,21,60,2,0.033333
2026,newcastle-upon-tyne,Newcastle Upon Tyne,,26,78,0,0.000000
2026,newcastle-under-lyme,Newcastle-Under-Lyme,,21,44,4,0.090909
2026,newport,Newport,,1,1,1,1.000000
2026,norfolk,Norfolk,,84,84,78,0.928571
2026,north-east-lincolnshire,North East Lincolnshire,,15,15,11,0.733333
2026,north-tyneside,North Tyneside,,20,20,20,1.000000
2026,norwich,Norwich,,13,14,8,0.571429
2026,nuneaton-and-bedworth,Nuneaton & Bedworth,,19,19,15,0.789474
2026,oldham,Oldham,,20,20,13,0.650000
2026,oxford,Oxford,,24,24,18,0.750000
2026,pendle,Pendle,,10,10,8,0.800000
2026,peterborough,Peterborough,,18,18,18,1.000000
2026,plymouth,Plymouth,,19,19,17,0.894737
2026,portsmouth,Portsmouth,,14,14,13,0.928571
2026,powys,Powys,,1,1,1,1.000000
2026,preston,Preston,,16,16,15,0.937500
2026,reading,Reading,,16,17,13,0.764706
2026,redditch,Redditch,,9,9,9,1.000000
2026,reigate-and-banstead,Reigate & Banstead,,1,1,1,1.000000
2026,richmond-upon-thames,Richmond upon Thames,,17,51,0,0.000000
2026,rochdale,Rochdale,,20,20,19,0.950000
2026,rochford,Rochford,,13,15,11,0.733333
2026,rother,Rother,,1,1,1,1.000000
2026,rugby,Rugby,,14,15,15,1.000000
2026,rushmoor,Rushmoor,,13,14,12,0.857143
2026,salford,Salford,,20,21,18,0.857143
2026,sandwell,Sandwell,,23,69,0,0.000000
2026,sefton,Sefton,,22,66,0,0.000000
2026,sheffield,Sheffield,,28,30,20,0.666667
2026,solihull,Solihull,,17,51,0,0.000000
2026,somerset,Somerset,,1,1,1,1.000000
2026,south-cambridgeshire,South Cambridgeshire,,7,10,5,0.500000
2026,southampton,Southampton,,17,17,17,1.000000
2026,southend-on-sea,Southend On Sea,,17,17,17,1.000000
2026,southwark,Southwark,,23,63,1,0.015873
2026,stockport,Stockport,,21,21,18,0.857143
2026,stratford-on-avon,Stratford On Avon,,1,1,1,1.000000
2026,suffolk,Suffolk,,23,23,22,0.956522
2026,surrey,Surrey,,1,1,1,1.000000
2026,sutton,Sutton,,20,55,1,0.018182
2026,swindon,Swindon,,25,57,2,0.035088
2026,tameside,Tameside,,19,19,18,0.947368
2026,tamworth,Tamworth,,9,9,3,0.333333
2026,three-rivers,Three Rivers,,13,13,10,0.769231
2026,trafford,Trafford,,21,21,18,0.857143
2026,tunbridge-wells,Tunbridge Wells,,13,15,9,0.600000
2026,wakefield,Wakefield,,21,63,0,0.000000
2026,walsall,Walsall,,20,60,0,0.000000
2026,waltham-forest,Waltham Forest,,2,5,0,0.000000
2026,wandsworth,Wandsworth,,22,58,0,0.000000
2026,watford,Watford,,12,12,9,0.750000
2026,welwyn-hatfield,Welwyn Hatfield,,16,17,14,0.823529
2026,west-lancashire,West Lancashire,,15,15,14,0.933333
2026,west-northamptonshire,West Northamptonshire,,1,1,1,1.000000
2026,west-oxfordshire,West Oxfordshire,,16,16,15,0.937500
2026,west-suffolk,West Suffolk,,1,1,1,1.000000
2026,west-surrey,West Surrey,,45,90,16,0.177778
2026,west-sussex,West Sussex,,70,70,67,0.957143
2026,westminster,Westminster,,18,54,0,0.000000
2026,wigan,Wigan,,25,25,16,0.640000
2026,winchester,Winchester,,15,15,12,0.800000
2026,wokingham,Wokingham,,18,19,16,0.842105
2026,wolverhampton,Wolverhampton,,20,21,18,0.857143
2026,worthing,Worthing,,13,13,13,1.000000
2025,amber-valley,Amber Valley,CC,10,10,9,0.900000
2025,ashfield,Ashfield,CC,10,10,3,0.300000
2025,ashford,Ashford,CC,7,7,7,1.000000
2025,bassetlaw,Bassetlaw,CC,9,9,7,0.777778
2025,blaby,Blaby,CC,7,8,7,0.875000
2025,bolsover,Bolsover,CC,6,6,0,0.000000
2025,boston,Boston,CC,6,6,3,0.500000
2025,bromsgrove,Bromsgrove,CC,9,9,8,0.888889
2025,broxbourne,Broxbourne,CC,6,6,6,1.000000
2025,broxtowe,Broxtowe,CC,7,9,8,0.888889
2025,buckinghamshire,Buckinghamshire,UC,49,97,30,0.309278
2025,burnley,Burnley,CC,6,6,5,0.833333
2025,cambridge,Cambridge,CC,12,12,11,0.916667
2025,cannock-chase,Cannock Chase,CC,7,7,3,0.428571
2025,canterbury,Canterbury,CC,8,8,7,0.875000
2025,charnwood,Charnwood,CC,14,14,14,1.000000
2025,cheltenham,Cheltenham,CC,10,10,9,0.900000
2025,cherwell,Cherwell,CC,16,16,15,0.937500
2025,chesterfield,Chesterfield,CC,8,8,8,1.000000
2025,chorley,Chorley,CC,7,7,7,1.000000
2025,cornwall,Cornwall,UC,87,87,74,0.850575
2025,cotswold,Cotswold,CC,8,8,6,0.750000
2025,dacorum,Dacorum,CC,10,10,9,0.900000
2025,dartford,Dartford,CC,6,6,6,1.000000
2025,derbyshire-dales,Derbyshire Dales,CC,6,6,6,1.000000
2025,doncaster,Doncaster,MB,21,55,4,0.072727
2025,dover,Dover,CC,5,7,3,0.428571
2025,county-durham,Durham,UC,51,98,12,0.122449
2025,east-cambridgeshire,East Cambridgeshire,CC,8,8,8,1.000000
2025,east-devon,East Devon,CC,9,11,10,0.909091
2025,east-hertfordshire,East Hertfordshire,CC,10,10,10,1.000000
2025,east-lindsey,East Lindsey,CC,13,13,8,0.615385
2025,east-staffordshire,East Staffordshire,CC,9,9,9,1.000000
2025,erewash,Erewash,CC,9,9,6,0.666667
2025,exeter,Exeter,CC,9,9,9,1.000000
2025,fenland,Fenland,CC,8,9,7,0.777778
2025,folkestone-and-hythe,Folkestone & Hythe,CC,6,6,5,0.833333
2025,forest-of-dean,Forest Of Dean,CC,8,8,8,1.000000
2025,fylde,Fylde,CC,6,6,6,1.000000
2025,gedling,Gedling,CC,6,9,3,0.333333
2025,gloucester,Gloucester,CC,10,10,10,1.000000
2025,gravesham,Gravesham,CC,3,5,1,0.200000
2025,harborough,Harborough,CC,7,7,7,1.000000
2025,hertsmere,Hertsmere,CC,7,7,5,0.714286
2025,high-peak,High Peak,CC,8,8,7,0.875000
2025,hinckley-and-bosworth,Hinckley & Bosworth,CC,9,9,8,0.888889
2025,huntingdonshire,Huntingdonshire,CC,17,17,16,0.941176
2025,hyndburn,Hyndburn,CC,5,6,3,0.500000
2025,lancaster,Lancaster,CC,10,10,7,0.700000
2025,lichfield,Lichfield,CC,8,8,7,0.875000
2025,lincoln,Lincoln,CC,8,8,8,1.000000
2025,maidstone,Maidstone,CC,8,9,8,0.888889
2025,malvern-hills,Malvern Hills,CC,8,8,5,0.625000
2025,mansfield,Mansfield,CC,5,9,2,0.222222
2025,melton,Melton,CC,4,4,4,1.000000
2025,mid-devon,Mid Devon,CC,6,6,6,1.000000
2025,newark-and-sherwood,Newark & Sherwood,CC,10,10,9,0.900000
2025,newcastle-under-lyme,Newcastle-under-Lyme,CC,9,9,3,0.333333
2025,north-devon,North Devon,CC,8,8,7,0.875000
2025,north-east-derbyshire,North East Derbyshire,CC,8,8,7,0.875000
2025,north-hertfordshire,North Hertfordshire,CC,9,9,9,1.000000
2025,north-kesteven,North Kesteven,CC,11,11,11,1.000000
2025,north-northamptonshire,North Northamptonshire,UC,31,68,10,0.147059
2025,north-warwickshire,North Warwickshire,CC,7,7,4,0.571429
2025,north-west-leicestershire,North West Leicestershire,CC,8,8,8,1.000000
2025,northumberland,Northumberland,UC,69,69,51,0.739130
2025,nuneaton-and-bedworth,Nuneaton & Bedworth,CC,13,13,9,0.692308
2025,oadby-and-wigston,Oadby & Wigston,CC,4,5,3,0.600000
2025,oxford,Oxford,CC,13,13,13,1.000000
2025,pendle,Pendle,CC,5,6,4,0.666667
2025,preston,Preston,CC,9,9,9,1.000000
2025,redditch,Redditch,CC,4,8,1,0.125000
2025,ribble-valley,Ribble Valley,CC,4,4,4,1.000000
2025,rossendale,Rossendale,CC,5,5,4,0.800000
2025,rugby,Rugby,CC,10,10,10,1.000000
2025,rushcliffe,Rushcliffe,CC,9,10,9,0.900000
2025,sevenoaks,Sevenoaks,CC,6,6,6,1.000000
2025,shropshire,Shropshire,UC,72,74,54,0.729730
2025,south-cambridgeshire,South Cambridgeshire,CC,14,15,13,0.866667
2025,south-derbyshire,South Derbyshire,CC,9,9,7,0.777778
2025,south-hams,South Hams,CC,7,7,5,0.714286
2025,south-holland,South Holland,CC,9,9,4,0.444444
2025,south-kesteven,South Kesteven,CC,14,14,12,0.857143
2025,south-oxfordshire,South Oxfordshire,CC,15,15,13,0.866667
2025,south-ribble,South Ribble,CC,8,8,7,0.875000
2025,south-staffordshire,South Staffordshire,CC,8,8,7,0.875000
2025,st-albans,St Albans,CC,10,10,6,0.600000
2025,stafford,Stafford,CC,9,9,9,1.000000
2025,staffordshire-moorlands,Staffordshire Moorlands,CC,7,7,7,1.000000
2025,stevenage,Stevenage,CC,6,6,6,1.000000
2025,stratford-on-avon,Stratford On Avon,CC,13,13,11,0.846154
2025,stroud,Stroud,CC,11,11,8,0.727273
2025,swale,Swale,CC,6,7,5,0.714286
2025,tamworth,Tamworth,CC,5,5,1,0.200000
2025,teignbridge,Teignbridge,CC,10,10,9,0.900000
2025,tewkesbury,Tewkesbury,CC,8,8,7,0.875000
2025,thanet,Thanet,CC,5,7,3,0.428571
2025,three-rivers,Three Rivers,CC,6,6,6,1.000000
2025,tonbridge-and-malling,Tonbridge & Malling,CC,6,7,4,0.571429
2025,torridge,Torridge,CC,5,5,5,1.000000
2025,tunbridge-wells,Tunbridge Wells,CC,6,6,6,1.000000
2025,vale-of-white-horse,Vale Of White Horse,CC,14,14,10,0.714286
2025,warwick,Warwick,CC,14,14,10,0.714286
2025,watford,Watford,CC,6,6,4,0.666667
2025,welwyn-hatfield,Welwyn Hatfield,CC,8,8,8,1.000000
2025,west-devon,West Devon,CC,4,4,4,1.000000
2025,west-lancashire,West Lancashire,CC,8,8,8,1.000000
2025,west-lindsey,West Lindsey,CC,9,9,9,1.000000
2025,west-northamptonshire,West Northamptonshire,UC,35,76,23,0.302632
2025,west-oxfordshire,West Oxfordshire,CC,11,11,11,1.000000
2025,wiltshire,Wiltshire,UC,98,98,60,0.612245
2025,worcester,Worcester,CC,10,10,7,0.700000
2025,wychavon,Wychavon,CC,12,12,11,0.916667
2025,wyre,Wyre,CC,8,8,6,0.750000
2025,wyre-forest,Wyre Forest,CC,10,10,10,1.000000
2024,adur,Adur,SD,14,16,4,0.250000
2024,barnsley,Barnsley,MB,21,21,7,0.333333
2024,basildon,Basildon,SD,14,42,0,0.000000
2024,basingstoke-and-deane,Basingstoke and Deane,SD,18,18,10,0.555556
2024,blackburn-with-darwen,Blackburn with Darwen,UA,17,17,5,0.294118
2024,bolton,Bolton,MB,20,21,19,0.904762
2024,bradford,Bradford,MB,30,30,15,0.500000
2024,brentwood,Brentwood,SD,13,39,0,0.000000
2024,bristol-city-of,"Bristol, City of",UA,34,70,0,0.000000
2024,broxbourne,Broxbourne,SD,10,10,3,0.300000
2024,burnley,Burnley,SD,15,15,6,0.400000
2024,bury,Bury,MB,17,17,9,0.529412
2024,calderdale,Calderdale,MB,17,17,7,0.411765
2024,cambridge,Cambridge,SD,14,14,10,0.714286
2024,cannock-chase,Cannock Chase,SD,12,36,0,0.000000
2024,castle-point,Castle Point,SD,13,39,0,0.000000
2024,cheltenham,Cheltenham,SD,20,40,0,0.000000
2024,cherwell,Cherwell,SD,16,16,12,0.750000
2024,chorley,Chorley,SD,14,14,3,0.214286
2024,colchester,Colchester,SD,17,18,7,0.388889
2024,coventry,Coventry,MB,18,18,9,0.500000
2024,crawley,Crawley,SD,12,12,5,0.416667
2024,dorset,Dorset,UA,52,82,9,0.109756
2024,dudley,Dudley,MB,24,72,0,0.000000
2024,eastleigh,Eastleigh,SD,12,12,4,0.333333
2024,elmbridge,Elmbridge,SD,16,16,8,0.500000
2024,epping-forest,Epping Forest,SD,18,54,0,0.000000
2024,exeter,Exeter,SD,13,13,11,0.846154
2024,fareham,Fareham,SD,16,32,0,0.000000
2024,gateshead,Gateshead,MB,22,22,5,0.227273
2024,gloucester,Gloucester,SD,18,39,3,0.076923
2024,gosport,Gosport,SD,14,15,9,0.600000
2024,halton,Halton,UA,18,18,1,0.055556
2024,harlow,Harlow,SD,11,33,0,0.000000
2024,hart,Hart,SD,11,12,4,0.333333
2024,hartlepool,Hartlepool,UA,12,12,3,0.250000
2024,hastings,Hastings,SD,16,16,9,0.562500
2024,havant,Havant,SD,12,36,0,0.000000
2024,hyndburn,Hyndburn,SD,12,12,3,0.250000
2024,ipswich,Ipswich,SD,16,18,9,0.500000
2024,kingston-upon-hull-city-of,"Kingston Upon Hull, City of",UA,19,19,3,0.157895
2024,kirklees,Kirklees,MB,23,23,16,0.695652
2024,knowsley,Knowsley,MB,15,15,1,0.066667
2024,leeds,Leeds,MB,33,33,15,0.454545
2024,lincoln,Lincoln,SD,11,11,6,0.545455
2024,maidstone,Maidstone,SD,22,49,0,0.000000
2024,manchester,Manchester,MB,32,33,7,0.212121
2024,milton-keynes,Milton Keynes,UA,19,19,12,0.631579
2024,mole-valley,Mole Valley,SD,13,14,3,0.214286
2024,newcastle-upon-tyne,Newcastle Upon Tyne,MB,26,27,12,0.444444
2024,north-east-lincolnshire,North East Lincolnshire,UA,12,12,5,0.416667
2024,north-hertfordshire,North Hertfordshire,SD,25,51,2,0.039216
2024,north-tyneside,North Tyneside,MB,20,60,0,0.000000
2024,norwich,Norwich,SD,13,13,5,0.384615
2024,nuneaton-and-bedworth,Nuneaton and Bedworth,SD,19,38,0,0.000000
2024,oldham,Oldham,MB,20,20,13,0.650000
2024,oxford,Oxford,SD,24,25,16,0.640000
2024,pendle,Pendle,SD,12,12,4,0.333333
2024,peterborough,Peterborough,UA,22,23,18,0.782609
2024,plymouth,Plymouth,UA,19,19,11,0.578947
2024,portsmouth,Portsmouth,UA,14,14,10,0.714286
2024,preston,Preston,SD,16,16,7,0.437500
2024,reading,Reading,UA,16,16,5,0.312500
2024,redditch,Redditch,SD,9,27,0,0.000000
2024,reigate-and-banstead,Reigate and Banstead,SD,15,16,8,0.500000
2024,rochdale,Rochdale,MB,20,20,8,0.400000
2024,rochford,Rochford,SD,13,13,7,0.538462
2024,rossendale,Rossendale,SD,10,30,0,0.000000
2024,rotherham,Rotherham,MB,25,59,0,0.000000
2024,rugby,Rugby,SD,14,14,10,0.714286
2024,runnymede,Runnymede,SD,13,14,7,0.500000
2024,rushmoor,Rushmoor,SD,13,13,8,0.615385
2024,salford,Salford,MB,20,21,2,0.095238
2024,sandwell,Sandwell,MB,24,24,6,0.250000
2024,sefton,Sefton,MB,22,22,6,0.272727
2024,sheffield,Sheffield,MB,28,29,14,0.482759
2024,solihull,Solihull,MB,17,17,5,0.294118
2024,south-tyneside,South Tyneside,MB,18,18,9,0.500000
2024,southampton,Southampton,UA,17,17,15,0.882353
2024,southend-on-sea,Southend-On-Sea,UA,17,17,9,0.529412
2024,st-albans,St Albans,SD,18,21,6,0.285714
2024,stevenage,Stevenage,SD,13,39,0,0.000000
2024,stockport,Stockport,MB,21,21,9,0.428571
2024,stroud,Stroud,SD,27,51,3,0.058824
2024,sunderland,Sunderland,MB,25,25,10,0.400000
2024,swindon,Swindon,UA,19,20,6,0.300000
2024,tameside,Tameside,MB,19,19,7,0.368421
2024,tamworth,Tamworth,SD,10,10,6,0.600000
2024,tandridge,Tandridge,SD,18,43,0,0.000000
2024,three-rivers,Three Rivers,SD,13,13,4,0.307692
2024,thurrock,Thurrock,UA,17,17,7,0.411765
2024,trafford,Trafford,MB,21,21,6,0.285714
2024,tunbridge-wells,Tunbridge Wells,SD,14,39,0,0.000000
2024,wakefield,Wakefield,MB,21,22,4,0.181818
2024,walsall,Walsall,MB,20,20,13,0.650000
2024,warrington,Warrington,UA,22,58,0,0.000000
2024,watford,Watford,SD,12,12,7,0.583333
2024,welwyn-hatfield,Welwyn Hatfield,SD,16,16,13,0.812500
2024,west-lancashire,West Lancashire,SD,15,16,6,0.375000
2024,west-oxfordshire,West Oxfordshire,SD,17,17,10,0.588235
2024,wigan,Wigan,MB,25,25,7,0.280000
2024,winchester,Winchester,SD,14,14,5,0.357143
2024,woking,Woking,SD,10,11,3,0.272727
2024,wokingham,Wokingham,UA,18,54,0,0.000000
2024,wolverhampton,Wolverhampton,MB,20,20,3,0.150000
2024,worcester,Worcester,SD,16,35,0,0.000000
2024,worthing,Worthing,SD,13,13,5,0.384615
2023,amber-valley,Amber Valley,SDA,18,42,1,0.023810
2023,arun,Arun,SDA,23,54,1,0.018519
2023,ashfield,Ashfield,SDA,23,35,8,0.228571
2023,ashford,Ashford,SDA,39,47,14,0.297872
2023,babergh,Babergh,SDA,24,32,8,0.250000
2023,barnsley,Barnsley,MB,21,21,7,0.333333
2023,basildon,Basildon,SDT,14,14,6,0.428571
2023,basingstoke-and-deane,Basingstoke & Deane,SDT,18,18,10,0.555556
2023,bassetlaw,Bassetlaw,SDA,25,48,0,0.000000
2023,bath-and-north-east-somerset,Bath & North East Somerset,UAA,33,59,5,0.084746
2023,bedford,Bedford,UAA,28,46,3,0.065217
2023,blaby,Blaby,SDA,16,34,0,0.000000
2023,blackburn-with-darwen,Blackburn with Darwen,UAT,17,17,1,0.058824
2023,blackpool,Blackpool,UAA,21,42,0,0.000000
2023,bolsover,Bolsover,SDA,17,37,1,0.027027
2023,bolton,Bolton,MB,20,60,0,0.000000
2023,boston,Boston,SDA,15,30,1,0.033333
2023,bournemouth-christchurch-and-poole,"Bournemouth, Christchurch & Poole",UAA,33,76,0,0.000000
2023,bracknell-forest,Bracknell Forest,UAA,15,41,0,0.000000
2023,bradford,Bradford,MB,30,30,10,0.333333
2023,braintree,Braintree,SDA,26,49,1,0.020408
2023,breckland,Breckland,SDA,27,49,1,0.020408
2023,brentwood,Brentwood,SDT,12,12,1,0.083333
2023,brighton-and-hove,Brighton & Hove,UAA,23,54,0,0.000000
2023,broadland,Broadland,SDA,27,47,9,0.191489
2023,bromsgrove,Bromsgrove,SDA,30,31,8,0.258065
2023,broxbourne,Broxbourne,SDT,10,10,3,0.300000
2023,broxtowe,Broxtowe,SDA,20,44,3,0.068182
2023,burnley,Burnley,SDT,15,15,8,0.533333
2023,bury,Bury,MB,17,17,6,0.352941
2023,calderdale,Calderdale,MB,17,17,7,0.411765
2023,cambridge,Cambridge,SDT,14,16,12,0.750000
2023,cannock-chase,Cannock Chase,SDT,15,17,5,0.294118
2023,canterbury,Canterbury,SDA,21,39,4,0.102564
2023,castle-point,Castle Point,SDT,14,14,4,0.285714
2023,central-bedfordshire,Central Bedfordshire,UAA,31,63,6,0.095238
2023,charnwood,Charnwood,SDA,24,52,3,0.057692
2023,chelmsford,Chelmsford,SDA,24,57,0,0.000000
2023,cherwell,Cherwell,SDT,16,16,9,0.562500
2023,cheshire-east,Cheshire East,UAA,52,82,11,0.134146
2023,cheshire-west-and-chester,Cheshire West & Chester,UAA,45,70,12,0.171429
2023,chesterfield,Chesterfield,SDA,16,40,0,0.000000
2023,chichester,Chichester,SDA,21,36,5,0.138889
2023,chorley,Chorley,SDT,14,14,0,0.000000
2023,colchester,Colchester,SDT,17,17,5,0.294118
2023,cotswold,Cotswold,SDA,32,34,2,0.058824
2023,coventry,Coventry,MB,18,18,8,0.444444
2023,crawley,Crawley,SDT,12,12,5,0.416667
2023,dacorum,Dacorum,SDA,25,51,0,0.000000
2023,darlington,Darlington,UAA,20,50,0,0.000000
2023,dartford,Dartford,SDA,20,42,1,0.023810
2023,derby,Derby,UAA,18,51,0,0.000000
2023,derbyshire-dales,Derbyshire Dales,SDA,21,34,1,0.029412
2023,dover,Dover,SDA,17,32,2,0.062500
2023,dudley,Dudley,MB,24,25,6,0.240000
2023,east-cambridgeshire,East Cambridgeshire,SDA,14,28,1,0.035714
2023,east-devon,East Devon,SDA,30,60,1,0.016667
2023,east-hampshire,East Hampshire,SDA,31,43,6,0.139535
2023,east-hertfordshire,East Hertfordshire,SDA,26,50,2,0.040000
2023,east-lindsey,East Lindsey,SDA,29,42,6,0.142857
2023,east-riding-of-yorkshire,East Riding Of Yorkshire,UAA,26,67,0,0.000000
2023,east-staffordshire,East Staffordshire,SDA,16,37,2,0.054054
2023,east-suffolk,East Suffolk,SDA,29,55,4,0.072727
2023,eastbourne,Eastbourne,SDA,9,27,0,0.000000
2023,eastleigh,Eastleigh,SDT,13,13,3,0.230769
2023,elmbridge,Elmbridge,SDT,16,16,6,0.375000
2023,epping-forest,Epping Forest,SDT,18,18,5,0.277778
2023,epsom-and-ewell,Epsom & Ewell,SDA,14,35,2,0.057143
2023,erewash,Erewash,SDA,19,47,0,0.000000
2023,exeter,Exeter,SDT,13,13,6,0.461538
2023,fenland,Fenland,SDA,18,43,0,0.000000
2023,folkestone-and-hythe,Folkestone & Hythe,SDA,13,30,2,0.066667
2023,forest-of-dean,Forest Of Dean,SDA,21,38,0,0.000000
2023,fylde,Fylde,SDA,17,37,0,0.000000
2023,gateshead,Gateshead,MB,22,22,2,0.090909
2023,gedling,Gedling,SDA,19,41,0,0.000000
2023,gravesham,Gravesham,SDA,17,39,0,0.000000
2023,great-yarmouth,Great Yarmouth,SDA,17,39,0,0.000000
2023,guildford,Guildford,SDA,21,48,1,0.020833
2023,halton,Halton,UAT,18,18,1,0.055556
2023,harborough,Harborough,SDA,19,34,2,0.058824
2023,harlow,Harlow,SDT,11,11,5,0.454545
2023,hart,Hart,SDT,11,11,4,0.363636
2023,hartlepool,Hartlepool,UAT,12,12,4,0.333333
2023,havant,Havant,SDT,10,10,4,0.400000
2023,herefordshire,Herefordshire,UAA,53,53,40,0.754717
2023,hertsmere,Hertsmere,SDA,16,39,0,0.000000
2023,high-peak,High Peak,SDA,28,43,5,0.116279
2023,hinckley-and-bosworth,Hinckley & Bosworth,SDA,16,34,0,0.000000
2023,horsham,Horsham,SDA,22,48,1,0.020833
2023,hyndburn,Hyndburn,SDT,12,12,2,0.166667
2023,ipswich,Ipswich,SDT,16,16,9,0.562500
2023,kings-lynn-and-west-norfolk,Kings Lynn & West Norfolk,SDA,34,54,5,0.092593
2023,kingston-upon-hull-city-of,Kingston Upon Hull,UAT,19,20,3,0.150000
2023,kirklees,Kirklees,MB,23,24,9,0.375000
2023,knowsley,Knowsley,MB,15,16,2,0.125000
2023,lancaster,Lancaster,SDA,27,61,2,0.032787
2023,leeds,Leeds,MB,33,33,14,0.424242
2023,leicester,Leicester,UAA,21,54,0,0.000000
2023,lewes,Lewes,SDA,21,41,2,0.048780
2023,lichfield,Lichfield,SDA,21,46,0,0.000000
2023,lincoln,Lincoln,SDT,11,11,2,0.181818
2023,liverpool,Liverpool,MB,64,85,8,0.094118
2023,luton,Luton,UAA,19,45,0,0.000000
2023,maidstone,Maidstone,SDT,18,18,10,0.555556
2023,maldon,Maldon,SDA,16,30,1,0.033333
2023,malvern-hills,Malvern Hills,SDA,18,31,1,0.032258
2023,manchester,Manchester,MB,32,33,4,0.121212
2023,mansfield,Mansfield,SDA,36,36,19,0.527778
2023,medway,Medway,UAA,24,59,3,0.050847
2023,melton,Melton,SDA,16,28,0,0.000000
2023,mid-devon,Mid Devon,SDA,22,42,1,0.023810
2023,mid-suffolk,Mid Suffolk,SDA,26,34,1,0.029412
2023,mid-sussex,Mid Sussex,SDA,27,48,4,0.083333
2023,middlesbrough,Middlesbrough,UAA,20,46,0,0.000000
2023,milton-keynes,Milton Keynes,UAT,19,20,11,0.550000
2023,mole-valley,Mole Valley,SDT,13,39,0,0.000000
2023,new-forest,New Forest,SDA,26,48,5,0.104167
2023,newark-and-sherwood,Newark & Sherwood,SDA,21,39,2,0.051282
2023,newcastle-upon-tyne,Newcastle Upon Tyne,MB,26,27,11,0.407407
2023,north-devon,North Devon,SDA,24,41,2,0.048780
2023,north-east-derbyshire,North East Derbyshire,SDA,24,53,2,0.037736
2023,north-east-lincolnshire,North East Lincolnshire,UAT,15,15,6,0.400000
2023,north-hertfordshire,North Hertfordshire,SDT,16,16,7,0.437500
2023,north-kesteven,North Kesteven,SDA,21,37,3,0.081081
2023,north-lincolnshire,North Lincolnshire,UAA,19,43,0,0.000000
2023,north-norfolk,North Norfolk,SDA,32,40,11,0.275000
2023,north-somerset,North Somerset,UAA,35,50,10,0.200000
2023,north-tyneside,North Tyneside,MB,20,21,4,0.190476
2023,north-warwickshire,North Warwickshire,SDA,17,35,0,0.000000
2023,north-west-leicestershire,North West Leicestershire,SDA,38,38,17,0.447368
2023,norwich,Norwich,SDT,13,13,3,0.230769
2023,nottingham,Nottingham,UAA,20,55,0,0.000000
2023,oadby-and-wigston,Oadby & Wigston,SDA,10,26,0,0.000000
2023,oldham,Oldham,MB,20,60,0,0.000000
2023,pendle,Pendle,SDT,11,12,1,0.083333
2023,peterborough,Peterborough,UAT,20,21,12,0.571429
2023,plymouth,Plymouth,UAT,19,19,10,0.526316
2023,portsmouth,Portsmouth,UAT,14,14,12,0.857143
2023,preston,Preston,SDT,16,17,4,0.235294
2023,reading,Reading,UAT,16,17,5,0.294118
2023,redcar-and-cleveland,Redcar & Cleveland,UAA,24,59,0,0.000000
2023,redditch,Redditch,SDT,10,10,6,0.600000
2023,reigate-and-banstead,Reigate & Banstead,SDT,15,15,8,0.533333
2023,ribble-valley,Ribble Valley,SDA,23,36,2,0.055556
2023,rochdale,Rochdale,MB,20,20,4,0.200000
2023,rochford,Rochford,SDT,13,13,5,0.384615
2023,rossendale,Rossendale,SDT,12,12,4,0.333333
2023,rother,Rother,SDA,21,38,1,0.026316
2023,rugby,Rugby,SDT,14,14,7,0.500000
2023,runnymede,Runnymede,SDT,14,14,7,0.500000
2023,rushcliffe,Rushcliffe,SDA,24,44,3,0.068182
2023,rushmoor,Rushmoor,SDT,13,13,7,0.538462
2023,rutland,Rutland,UAA,13,25,1,0.040000
2023,salford,Salford,MB,20,21,3,0.142857
2023,sandwell,Sandwell,MB,24,24,7,0.291667
2023,sefton,Sefton,MB,22,22,8,0.363636
2023,sevenoaks,Sevenoaks,SDA,26,54,0,0.000000
2023,sheffield,Sheffield,MB,28,29,12,0.413793
2023,slough,Slough,UAA,21,42,2,0.047619
2023,solihull,Solihull,MB,17,17,4,0.235294
2023,south-derbyshire,South Derbyshire,SDA,15,36,0,0.000000
2023,south-gloucestershire,South Gloucestershire,UAA,28,61,3,0.049180
2023,south-hams,South Hams,SDA,20,31,1,0.032258
2023,south-holland,South Holland,SDA,18,37,0,0.000000
2023,south-kesteven,South Kesteven,SDA,26,52,1,0.019231
2023,south-norfolk,South Norfolk,SDA,26,46,5,0.108696
2023,south-oxfordshire,South Oxfordshire,SDA,21,36,1,0.027778
2023,south-ribble,South Ribble,SDA,23,50,0,0.000000
2023,south-staffordshire,South Staffordshire,SDA,20,42,1,0.023810
2023,south-tyneside,South Tyneside,MB,18,18,7,0.388889
2023,southampton,Southampton,UAT,17,51,0,0.000000
2023,southend-on-sea,Southend On Sea,UAT,17,17,9,0.529412
2023,spelthorne,Spelthorne,SDA,13,39,0,0.000000
2023,st-albans,St Albans,SDT,18,18,7,0.388889
2023,stafford,Stafford,SDA,23,40,2,0.050000
2023,staffordshire-moorlands,Staffordshire Moorlands,SDA,26,55,1,0.018182
2023,stevenage,Stevenage,SDT,13,13,8,0.615385
2023,stockport,Stockport,MB,21,63,0,0.000000
2023,stockton-on-tees,Stockton-on-Tees,UAA,27,56,0,0.000000
2023,stoke-on-trent,Stoke On Trent,UAA,34,44,5,0.113636
2023,stratford-on-avon,Stratford On Avon,SDA,39,41,13,0.317073
2023,sunderland,Sunderland,MB,25,25,8,0.320000
2023,surrey-heath,Surrey Heath,SDA,14,35,0,0.000000
2023,swale,Swale,SDA,24,47,1,0.021277
2023,swindon,Swindon,UAT,19,19,7,0.368421
2023,tameside,Tameside,MB,19,57,0,0.000000
2023,tamworth,Tamworth,SDT,10,10,7,0.700000
2023,tandridge,Tandridge,SDT,14,14,5,0.357143
2023,teignbridge,Teignbridge,SDA,24,47,5,0.106383
2023,telford-and-wrekin,Telford & Wrekin,UAA,32,54,2,0.037037
2023,tendring,Tendring,SDA,32,48,13,0.270833
2023,test-valley,Test Valley,SDA,20,43,1,0.023256
2023,tewkesbury,Tewkesbury,SDA,20,38,2,0.052632
2023,thanet,Thanet,SDA,23,56,1,0.017857
2023,three-rivers,Three Rivers,SDT,13,14,2,0.142857
2023,thurrock,Thurrock,UAT,16,16,10,0.625000
2023,tonbridge-and-malling,Tonbridge & Malling,SDA,19,44,0,0.000000
2023,torbay,Torbay,UAA,16,36,1,0.027778
2023,torridge,Torridge,SDA,16,36,1,0.027778
2023,trafford,Trafford,MB,21,63,0,0.000000
2023,tunbridge-wells,Tunbridge Wells,SDT,16,16,11,0.687500
2023,uttlesford,Uttlesford,SDA,22,39,3,0.076923
2023,vale-of-white-horse,Vale Of White Horse,SDA,24,38,3,0.078947
2023,wakefield,Wakefield,MB,21,21,7,0.333333
2023,walsall,Walsall,MB,20,20,6,0.300000
2023,warwick,Warwick,SDA,17,44,1,0.022727
2023,watford,Watford,SDT,12,12,3,0.250000
2023,waverley,Waverley,SDA,24,50,0,0.000000
2023,wealden,Wealden,SDA,40,44,10,0.227273
2023,welwyn-hatfield,Welwyn Hatfield,SDT,16,16,8,0.500000
2023,west-berkshire,West Berkshire,UAA,24,43,0,0.000000
2023,west-devon,West Devon,SDA,17,30,1,0.033333
2023,west-lancashire,West Lancashire,SDT,15,45,0,0.000000
2023,west-lindsey,West Lindsey,SDA,19,35,3,0.085714
2023,west-oxfordshire,West Oxfordshire,SDT,16,16,12,0.750000
2023,west-suffolk,West Suffolk,SDA,39,60,6,0.100000
2023,wigan,Wigan,MB,25,75,0,0.000000
2023,winchester,Winchester,SDT,16,16,2,0.125000
2023,windsor-and-maidenhead,Windsor & Maidenhead,UAA,19,41,0,0.000000
2023,wirral,Wirral,MB,22,66,0,0.000000
2023,woking,Woking,SDT,10,10,2,0.200000
2023,wokingham,Wokingham,UAT,18,18,8,0.444444
2023,wolverhampton,Wolverhampton,MB,20,60,0,0.000000
2023,worcester,Worcester,SDT,11,11,5,0.454545
2023,worthing,Worthing,SDT,11,12,2,0.166667
2023,wychavon,Wychavon,SDA,27,43,1,0.023256
2023,wyre,Wyre,SDA,24,50,1,0.020000
2023,wyre-forest,Wyre Forest,SDA,12,33,1,0.030303
2023,york,York,UAA,21,47,4,0.085106
2022,adur,Adur,SDT,14,14,4,0.285714
2022,amber-valley,Amber Valley,SDT,15,15,6,0.400000
2022,barking-and-dagenham,Barking and Dagenham,LB,19,51,0,0.000000
2022,barnet,Barnet,LB,24,63,0,0.000000
2022,barnsley,Barnsley,MB,21,21,8,0.380952
2022,basildon,Basildon,SDT,14,14,3,0.214286
2022,basingstoke-and-deane,Basingstoke and Deane,SDT,18,19,9,0.473684
2022,bexley,Bexley,LB,17,45,0,0.000000
2022,birmingham,Birmingham,MB,69,101,6,0.059406
2022,blackburn-with-darwen,Blackburn with Darwen,UAT,17,18,2,0.111111
2022,blaenau-gwent,Blaenau Gwent,UAA,14,33,0,0.000000
2022,bolton,Bolton,MB,20,20,12,0.600000
2022,bradford,Bradford,MB,30,30,15,0.500000
2022,brent,Brent,LB,22,57,0,0.000000
2022,brentwood,Brentwood,SDT,13,13,2,0.153846
2022,bridgend,Bridgend,UAA,28,51,6,0.117647
2022,bromley,Bromley,LB,22,58,0,0.000000
2022,broxbourne,Broxbourne,SDT,10,10,1,0.100000
2022,burnley,Burnley,SDT,15,15,5,0.333333
2022,bury,Bury,MB,17,51,0,0.000000
2022,caerphilly,Caerphilly,UAA,31,69,0,0.000000
2022,calderdale,Calderdale,MB,17,18,7,0.388889
2022,cambridge,Cambridge,SDT,14,16,7,0.437500
2022,camden,Camden,LB,20,55,0,0.000000
2022,cannock-chase,Cannock Chase,SDT,13,13,9,0.692308
2022,cardiff,Cardiff,UAA,28,79,0,0.000000
2022,carmarthenshire,Carmarthenshire,UAA,50,74,4,0.054054
2022,castle-point,Castle Point,SDT,14,14,6,0.428571
2022,ceredigion,Ceredigion,UAA,29,33,7,0.212121
2022,cheltenham,Cheltenham,SDT,20,21,2,0.095238
2022,cherwell,Cherwell,SDT,16,17,8,0.470588
2022,chorley,Chorley,SDT,14,14,2,0.142857
2022,colchester,Colchester,SDT,17,18,3,0.166667
2022,conwy,Conwy,UAA,30,55,5,0.090909
2022,coventry,Coventry,MB,18,18,7,0.388889
2022,crawley,Crawley,SDT,12,12,5,0.416667
2022,croydon,Croydon,LB,28,70,0,0.000000
2022,cumberland,Cumberland,UAA,46,46,23,0.500000
2022,denbighshire,Denbighshire,UAA,28,47,1,0.021277
2022,derby,Derby,UAT,17,17,5,0.294118
2022,dudley,Dudley,MB,24,25,7,0.280000
2022,ealing,Ealing,LB,24,70,0,0.000000
2022,eastleigh,Eastleigh,SDT,14,14,4,0.285714
2022,elmbridge,Elmbridge,SDT,16,16,6,0.375000
2022,enfield,Enfield,LB,25,63,0,0.000000
2022,epping-forest,Epping Forest,SDT,20,20,2,0.100000
2022,exeter,Exeter,SDT,13,17,6,0.352941
2022,fareham,Fareham,SDT,15,16,8,0.500000
2022,flintshire,Flintshire,UAA,43,65,6,0.092308
2022,gateshead,Gateshead,MB,22,22,5,0.227273
2022,gosport,Gosport,SDT,14,28,0,0.000000
2022,greenwich,Greenwich,LB,23,55,0,0.000000
2022,gwynedd,Gwynedd,UAA,38,41,5,0.121951
2022,hackney,Hackney,LB,21,57,0,0.000000
2022,halton,Halton,UAT,18,18,4,0.222222
2022,hammersmith-and-fulham,Hammersmith and Fulham,LB,21,50,0,0.000000
2022,haringey,Haringey,LB,21,57,0,0.000000
2022,harlow,Harlow,SDT,11,12,4,0.333333
2022,harrow,Harrow,LB,22,55,1,0.018182
2022,hart,Hart,SDT,11,11,4,0.363636
2022,hartlepool,Hartlepool,UAT,12,13,4,0.307692
2022,hastings,Hastings,SDT,16,16,10,0.625000
2022,havant,Havant,SDT,14,14,6,0.428571
2022,havering,Havering,LB,20,55,0,0.000000
2022,hillingdon,Hillingdon,LB,21,53,0,0.000000
2022,hounslow,Hounslow,LB,22,62,0,0.000000
2022,huntingdonshire,Huntingdonshire,SDA,24,48,2,0.041667
2022,hyndburn,Hyndburn,SDT,11,12,2,0.166667
2022,ipswich,Ipswich,SDT,16,17,5,0.294118
2022,isle-of-anglesey,Isle of Anglesey,UAA,14,35,0,0.000000
2022,islington,Islington,LB,17,51,0,0.000000
2022,kensington-and-chelsea,Kensington and Chelsea,LB,18,50,0,0.000000
2022,kingston-upon-hull-city-of,"Kingston upon Hull, City of",UAT,19,19,3,0.157895
2022,kingston-upon-thames,Kingston upon Thames,LB,19,48,0,0.000000
2022,kirklees,Kirklees,MB,23,23,11,0.478261
2022,knowsley,Knowsley,MB,15,15,0,0.000000
2022,lambeth,Lambeth,LB,25,63,1,0.015873
2022,leeds,Leeds,MB,33,35,10,0.285714
2022,lewisham,Lewisham,LB,19,54,0,0.000000
2022,lincoln,Lincoln,SDT,11,11,5,0.454545
2022,maidstone,Maidstone,SDT,18,18,9,0.500000
2022,manchester,Manchester,MB,32,32,3,0.093750
2022,merthyr-tydfil,Merthyr Tydfil,UAA,11,30,0,0.000000
2022,merton,Merton,LB,20,57,0,0.000000
2022,milton-keynes,Milton Keynes,UAT,19,19,9,0.473684
2022,mole-valley,Mole Valley,SDT,14,14,2,0.142857
2022,monmouthshire,Monmouthshire,UAA,39,46,20,0.434783
2022,neath-port-talbot,Neath Port Talbot,UAA,32,57,3,0.052632
2022,newcastle-upon-tyne,Newcastle upon Tyne,MB,26,27,8,0.296296
2022,newcastle-under-lyme,Newcastle-under-Lyme,SDA,21,44,1,0.022727
2022,newham,Newham,LB,24,66,0,0.000000
2022,newport,Newport,UAA,21,51,0,0.000000
2022,north-east-lincolnshire,North East Lincolnshire,UAT,15,16,4,0.250000
2022,north-hertfordshire,North Hertfordshire,SDT,18,18,7,0.388889
2022,north-tyneside,North Tyneside,MB,20,20,5,0.250000
2022,north-yorkshire,North Yorkshire,UAA,89,90,39,0.433333
2022,norwich,Norwich,SDT,13,13,1,0.076923
2022,nuneaton-and-bedworth,Nuneaton and Bedworth,SDT,17,17,6,0.352941
2022,oldham,Oldham,MB,20,21,9,0.428571
2022,oxford,Oxford,SDT,24,24,14,0.583333
2022,pembrokeshire,Pembrokeshire,UAA,40,41,9,0.219512
2022,pendle,Pendle,SDT,10,12,2,0.166667
2022,peterborough,Peterborough,UAT,18,19,7,0.368421
2022,plymouth,Plymouth,UAT,19,19,6,0.315789
2022,portsmouth,Portsmouth,UAT,14,14,12,0.857143
2022,powys,Powys,UAA,53,61,18,0.295082
2022,preston,Preston,SDT,16,17,2,0.117647
2022,reading,Reading,UAT,16,48,0,0.000000
2022,redbridge,Redbridge,LB,22,63,0,0.000000
2022,redditch,Redditch,SDT,10,11,5,0.454545
2022,reigate-and-banstead,Reigate and Banstead,SDT,15,15,7,0.466667
2022,rhondda-cynon-taf,Rhondda Cynon Taf,UAA,46,75,5,0.066667
2022,richmond-upon-thames,Richmond upon Thames,LB,17,51,0,0.000000
2022,rochdale,Rochdale,MB,20,60,0,0.000000
2022,rochford,Rochford,SDT,13,13,7,0.538462
2022,rossendale,Rossendale,SDT,12,12,4,0.333333
2022,rugby,Rugby,SDT,14,14,5,0.357143
2022,runnymede,Runnymede,SDT,14,14,7,0.500000
2022,rushmoor,Rushmoor,SDT,13,13,4,0.307692
2022,salford,Salford,MB,20,20,5,0.250000
2022,sandwell,Sandwell,MB,24,24,4,0.166667
2022,sefton,Sefton,MB,21,21,8,0.380952
2022,sheffield,Sheffield,MB,28,28,17,0.607143
2022,slough,Slough,UAT,14,14,3,0.214286
2022,solihull,Solihull,MB,17,17,4,0.235294
2022,somerset,Somerset,UAA,55,110,3,0.027273
2022,south-cambridgeshire,South Cambridgeshire,SDA,26,45,4,0.088889
2022,south-tyneside,South Tyneside,MB,18,19,6,0.315789
2022,southampton,Southampton,UAT,16,17,8,0.470588
2022,southend-on-sea,Southend-on-Sea,UAT,17,18,10,0.555556
2022,southwark,Southwark,LB,23,63,0,0.000000
2022,st-albans,St Albans,SDT,20,56,0,0.000000
2022,st-helens,St. Helens,MB,18,48,0,0.000000
2022,stevenage,Stevenage,SDT,13,13,8,0.615385
2022,stockport,Stockport,MB,21,21,7,0.333333
2022,sunderland,Sunderland,MB,25,25,10,0.400000
2022,sutton,Sutton,LB,20,55,0,0.000000
2022,swansea,Swansea,UAA,32,75,2,0.026667
2022,swindon,Swindon,UAT,19,19,7,0.368421
2022,tameside,Tameside,MB,19,19,2,0.105263
2022,tamworth,Tamworth,SDT,10,10,2,0.200000
2022,tandridge,Tandridge,SDT,14,14,8,0.571429
2022,three-rivers,Three Rivers,SDT,13,14,3,0.214286
2022,thurrock,Thurrock,UAT,16,16,2,0.125000
2022,torfaen,Torfaen,UAA,18,40,0,0.000000
2022,tower-hamlets,Tower Hamlets,LB,19,42,8,0.190476
2022,trafford,Trafford,MB,21,22,4,0.181818
2022,tunbridge-wells,Tunbridge Wells,SDT,16,16,10,0.625000
2022,vale-of-glamorgan,Vale of Glamorgan,UAA,24,54,0,0.000000
2022,wakefield,Wakefield,MB,21,21,6,0.285714
2022,walsall,Walsall,MB,20,21,6,0.285714
2022,waltham-forest,Waltham Forest,LB,22,60,0,0.000000
2022,wandsworth,Wandsworth,LB,22,58,0,0.000000
2022,watford,Watford,SDT,12,12,1,0.083333
2022,welwyn-hatfield,Welwyn Hatfield,SDT,16,17,5,0.294118
2022,west-lancashire,West Lancashire,SDT,19,20,3,0.150000
2022,west-oxfordshire,West Oxfordshire,SDT,16,16,7,0.437500
2022,westminster,Westminster,LB,18,54,0,0.000000
2022,westmorland-and-furness,Westmorland and Furness,UAA,33,65,2,0.030769
2022,wigan,Wigan,MB,25,26,4,0.153846
2022,winchester,Winchester,SDT,15,15,2,0.133333
2022,wirral,Wirral,MB,22,23,8,0.347826
2022,woking,Woking,SDT,10,10,3,0.300000
2022,wokingham,Wokingham,UAT,18,18,4,0.222222
2022,wolverhampton,Wolverhampton,MB,20,20,1,0.050000
2022,worcester,Worcester,SDT,12,13,4,0.307692
2022,worthing,Worthing,SDT,13,14,4,0.285714
2022,wrexham,Wrexham,UAA,41,48,13,0.270833
2021,adur,Adur,SDT,19,23,8,0.347826
2021,amber-valley,Amber Valley,SDT,24,26,5,0.192308
2021,arun,Arun,SC,13,13,6,0.461538
2021,ashfield,Ashfield,SC,10,10,1,0.100000
2021,ashford,Ashford,SC,7,7,2,0.285714
2021,babergh,Babergh,SC,10,10,5,0.500000
2021,barnsley,Barnsley,MB,21,21,15,0.714286
2021,basildon,Basildon,SC,19,24,8,0.333333
2021,basingstoke-and-deane,Basingstoke & Deane,SDT,28,64,4,0.062500
2021,bassetlaw,Bassetlaw,SC,9,9,4,0.444444
2021,blaby,Blaby,SC,7,8,2,0.250000
2021,blackburn-with-darwen,Blackburn With Darwen,UAT,17,17,1,0.058824
2021,bolsover,Bolsover,SC,6,6,4,0.666667
2021,bolton,Bolton,MB,20,21,11,0.523810
2021,boston,Boston,SC,6,6,3,0.500000
2021,bradford,Bradford,MB,30,33,14,0.424242
2021,braintree,Braintree,SC,8,8,3,0.375000
2021,breckland,Breckland,SC,12,12,0,0.000000
2021,brentwood,Brentwood,SC,16,16,8,0.500000
2021,bristol-city-of,"Bristol, City Of",UAA,34,70,3,0.042857
2021,broadland,Broadland,SC,13,13,3,0.230769
2021,bromsgrove,Bromsgrove,SC,9,9,3,0.333333
2021,broxbourne,Broxbourne,SDT,16,16,1,0.062500
2021,broxtowe,Broxtowe,SC,7,9,5,0.555556
2021,buckinghamshire,Buckinghamshire,UAA,49,147,0,0.000000
2021,burnley,Burnley,SDT,21,21,11,0.523810
2021,bury,Bury,MB,17,19,5,0.263158
2021,calderdale,Calderdale,MB,17,19,8,0.421053
2021,cambridge,Cambridge,SC,26,54,11,0.203704
2021,cannock-chase,Cannock Chase,SC,19,20,7,0.350000
2021,canterbury,Canterbury,SC,8,8,4,0.500000
2021,castle-point,Castle Point,SDT,18,20,9,0.450000
2021,charnwood,Charnwood,SC,14,14,5,0.357143
2021,chelmsford,Chelmsford,SC,9,9,5,0.555556
2021,cheltenham,Cheltenham,SDT,30,30,24,0.800000
2021,cherwell,Cherwell,SDT,30,30,11,0.366667
2021,chesterfield,Chesterfield,SC,9,9,6,0.666667
2021,chichester,Chichester,SC,10,10,2,0.200000
2021,chorley,Chorley,SDT,22,50,3,0.060000
2021,colchester,Colchester,SC,26,28,12,0.428571
2021,cornwall,Cornwall,UAA,87,87,56,0.643678
2021,cotswold,Cotswold,SC,8,8,0,0.000000
2021,county-durham,County Durham,UAA,63,126,9,0.071429
2021,coventry,Coventry,MB,18,19,9,0.473684
2021,crawley,Crawley,SC,21,23,11,0.478261
2021,dacorum,Dacorum,SC,10,10,4,0.400000
2021,dartford,Dartford,SC,6,6,3,0.500000
2021,derby,Derby,UAT,17,18,7,0.388889
2021,derbyshire-dales,Derbyshire Dales,SC,6,6,1,0.166667
2021,doncaster,Doncaster,MB,21,55,0,0.000000
2021,dover,Dover,SC,5,7,0,0.000000
2021,dudley,Dudley,MB,24,26,7,0.269231
2021,east-cambridgeshire,East Cambridgeshire,SC,8,8,2,0.250000
2021,east-devon,East Devon,SC,9,11,4,0.363636
2021,east-hampshire,East Hampshire,SC,7,7,3,0.428571
2021,east-hertfordshire,East Hertfordshire,SC,10,10,4,0.400000
2021,east-lindsey,East Lindsey,SC,13,13,2,0.153846
2021,east-staffordshire,East Staffordshire,SC,8,8,2,0.250000
2021,east-suffolk,East Suffolk,SC,19,26,4,0.153846
2021,eastbourne,Eastbourne,SC,9,9,5,0.555556
2021,eastleigh,Eastleigh,SDT,20,20,15,0.750000
2021,elmbridge,Elmbridge,SDT,25,25,11,0.440000
2021,epping-forest,Epping Forest,SC,28,29,2,0.068966
2021,epsom-and-ewell,Epsom & Ewell,SC,5,5,3,0.600000
2021,erewash,Erewash,SC,9,9,2,0.222222
2021,exeter,Exeter,SDT,22,23,15,0.652174
2021,fareham,Fareham,SC,21,22,5,0.227273
2021,fenland,Fenland,SC,8,9,0,0.000000
2021,folkestone-and-hythe,Folkestone & Hythe,SC,6,6,4,0.666667
2021,forest-of-dean,Forest Of Dean,SC,8,8,4,0.500000
2021,fylde,Fylde,SC,6,6,2,0.333333
2021,gateshead,Gateshead,MB,22,24,5,0.208333
2021,gedling,Gedling,SC,6,9,1,0.111111
2021,gloucester,Gloucester,SC,28,49,3,0.061224
2021,gosport,Gosport,SDT,21,22,8,0.363636
2021,gravesham,Gravesham,SC,3,5,0,0.000000
2021,great-yarmouth,Great Yarmouth,SC,9,9,3,0.333333
2021,guildford,Guildford,SC,10,10,7,0.700000
2021,halton,Halton,UAT,18,54,0,0.000000
2021,harborough,Harborough,SC,7,7,3,0.428571
2021,harlow,Harlow,SDT,14,17,1,0.058824
2021,hart,Hart,SDT,16,17,4,0.235294
2021,hartlepool,Hartlepool,UAT,12,36,0,0.000000
2021,hastings,Hastings,SDT,24,24,15,0.625000
2021,havant,Havant,SDT,21,21,2,0.095238
2021,hertsmere,Hertsmere,SC,7,7,2,0.285714
2021,high-peak,High Peak,SC,7,8,5,0.625000
2021,hinckley-and-bosworth,Hinckley & Bosworth,SC,9,9,2,0.222222
2021,horsham,Horsham,SC,12,12,5,0.416667
2021,huntingdonshire,Huntingdonshire,SC,17,17,8,0.470588
2021,hyndburn,Hyndburn,SC,17,19,4,0.210526
2021,ipswich,Ipswich,SDT,26,31,14,0.451613
2021,isle-of-wight,Isle Of Wight,UAA,39,39,19,0.487179
2021,kings-lynn-and-west-norfolk,Kings Lynn & West Norfolk,SC,14,14,3,0.214286
2021,kingston-upon-hull-city-of,Kingston Upon Hull,UAT,19,19,7,0.368421
2021,kirklees,Kirklees,MB,23,25,11,0.440000
2021,knowsley,Knowsley,MB,15,17,3,0.176471
2021,lancaster,Lancaster,SC,10,10,7,0.700000
2021,leeds,Leeds,MB,33,34,14,0.411765
2021,lewes,Lewes,SC,9,9,6,0.666667
2021,lichfield,Lichfield,SC,8,8,4,0.500000
2021,lincoln,Lincoln,SDT,19,19,10,0.526316
2021,liverpool,Liverpool,MB,30,31,6,0.193548
2021,maidstone,Maidstone,SDT,27,28,13,0.464286
2021,maldon,Maldon,SC,3,3,1,0.333333
2021,malvern-hills,Malvern Hills,SC,8,8,4,0.500000
2021,manchester,Manchester,MB,32,34,2,0.058824
2021,mansfield,Mansfield,SC,5,9,2,0.222222
2021,melton,Melton,SC,4,4,0,0.000000
2021,mid-devon,Mid Devon,SC,6,6,3,0.500000
2021,mid-suffolk,Mid Suffolk,SC,10,10,6,0.600000
2021,mid-sussex,Mid Sussex,SC,12,12,7,0.583333
2021,milton-keynes,Milton Keynes,UAT,19,21,9,0.428571
2021,mole-valley,Mole Valley,SC,19,19,5,0.263158
2021,new-forest,New Forest,SC,10,10,3,0.300000
2021,newark-and-sherwood,Newark & Sherwood,SC,10,10,5,0.500000
2021,newcastle-upon-tyne,Newcastle Upon Tyne,MB,26,28,15,0.535714
2021,newcastle-under-lyme,Newcastle-Under-Lyme,SC,9,9,2,0.222222
2021,north-devon,North Devon,SC,8,8,4,0.500000
2021,north-east-derbyshire,North East Derbyshire,SC,7,8,2,0.250000
2021,north-east-lincolnshire,North East Lincolnshire,UAT,12,14,4,0.285714
2021,north-hertfordshire,North Hertfordshire,SC,24,24,17,0.708333
2021,north-kesteven,North Kesteven,SC,11,11,1,0.090909
2021,north-norfolk,North Norfolk,SC,11,11,7,0.636364
2021,north-northamptonshire,North Northamptonshire,UAA,26,78,0,0.000000
2021,north-tyneside,North Tyneside,MB,20,23,7,0.304348
2021,north-warwickshire,North Warwickshire,SC,7,7,1,0.142857
2021,north-west-leicestershire,North West Leicestershire,SC,8,8,4,0.500000
2021,northumberland,Northumberland,UAA,66,67,16,0.238806
2021,norwich,Norwich,SC,26,26,14,0.538462
2021,nuneaton-and-bedworth,Nuneaton & Bedworth,SDT,30,30,5,0.166667
2021,oadby-and-wigston,Oadby & Wigston,SC,4,5,2,0.400000
2021,oldham,Oldham,MB,20,20,16,0.800000
2021,oxford,Oxford,SDT,38,62,7,0.112903
2021,pendle,Pendle,SDT,17,39,0,0.000000
2021,peterborough,Peterborough,UAT,22,23,10,0.434783
2021,plymouth,Plymouth,UAT,19,19,7,0.368421
2021,portsmouth,Portsmouth,UAT,14,14,11,0.785714
2021,preston,Preston,SDT,25,25,8,0.320000
2021,reading,Reading,UAT,16,17,8,0.470588
2021,redditch,Redditch,SC,13,17,2,0.117647
2021,reigate-and-banstead,Reigate & Banstead,SDT,25,28,6,0.214286
2021,ribble-valley,Ribble Valley,SC,4,4,1,0.250000
2021,rochdale,Rochdale,MB,20,20,4,0.200000
2021,rochford,Rochford,SDT,18,20,12,0.600000
2021,rossendale,Rossendale,SDT,17,17,7,0.411765
2021,rother,Rother,SC,9,9,3,0.333333
2021,rotherham,Rotherham,MB,25,59,0,0.000000
2021,rugby,Rugby,SC,24,25,7,0.280000
2021,runnymede,Runnymede,SC,19,19,9,0.473684
2021,rushcliffe,Rushcliffe,SC,9,10,3,0.300000
2021,rushmoor,Rushmoor,SC,18,19,5,0.263158
2021,salford,Salford,MB,20,60,0,0.000000
2021,sandwell,Sandwell,MB,24,27,7,0.259259
2021,sefton,Sefton,MB,22,24,10,0.416667
2021,sevenoaks,Sevenoaks,SC,6,6,1,0.166667
2021,sheffield,Sheffield,MB,28,29,20,0.689655
2021,shropshire,Shropshire,UAA,62,73,9,0.123288
2021,slough,Slough,UAT,14,14,3,0.214286
2021,solihull,Solihull,MB,17,18,4,0.222222
2021,south-cambridgeshire,South Cambridgeshire,SC,14,15,9,0.600000
2021,south-derbyshire,South Derbyshire,SC,8,8,1,0.125000
2021,south-hams,South Hams,SC,7,7,1,0.142857
2021,south-holland,South Holland,SC,9,9,2,0.222222
2021,south-kesteven,South Kesteven,SC,14,14,4,0.285714
2021,south-norfolk,South Norfolk,SC,12,12,6,0.500000
2021,south-oxfordshire,South Oxfordshire,SC,12,13,5,0.384615
2021,south-ribble,South Ribble,SC,8,8,2,0.250000
2021,south-staffordshire,South Staffordshire,SC,7,8,0,0.000000
2021,south-tyneside,South Tyneside,MB,18,20,11,0.550000
2021,southampton,Southampton,UAT,16,16,10,0.625000
2021,southend-on-sea,Southend On Sea,UAT,17,19,10,0.526316
2021,spelthorne,Spelthorne,SC,7,7,5,0.714286
2021,st-albans,St Albans,SDT,28,30,9,0.300000
2021,st-helens,St Helens,MB,16,17,8,0.470588
2021,stafford,Stafford,SC,9,9,4,0.444444
2021,staffordshire-moorlands,Staffordshire Moorlands,SC,7,7,0,0.000000
2021,stevenage,Stevenage,SDT,19,20,14,0.700000
2021,stockport,Stockport,MB,21,21,10,0.476190
2021,stratford-on-avon,Stratford On Avon,SC,13,13,4,0.307692
2021,stroud,Stroud,SDA,37,61,10,0.163934
2021,sunderland,Sunderland,MB,25,28,10,0.357143
2021,surrey-heath,Surrey Heath,SC,6,6,4,0.666667
2021,swale,Swale,SC,6,7,3,0.428571
2021,swindon,Swindon,UAT,19,21,7,0.333333
2021,tameside,Tameside,MB,19,19,6,0.315789
2021,tamworth,Tamworth,SC,16,16,3,0.187500
2021,tandridge,Tandridge,SDT,20,22,9,0.409091
2021,teignbridge,Teignbridge,SC,10,10,8,0.800000
2021,tendring,Tendring,SC,8,8,2,0.250000
2021,test-valley,Test Valley,SC,7,7,0,0.000000
2021,tewkesbury,Tewkesbury,SC,7,7,1,0.142857
2021,thanet,Thanet,SC,5,7,1,0.142857
2021,three-rivers,Three Rivers,SC,19,19,7,0.368421
2021,thurrock,Thurrock,UAT,17,17,4,0.235294
2021,tonbridge-and-malling,Tonbridge & Malling,SC,6,7,0,0.000000
2021,torridge,Torridge,SC,5,5,3,0.600000
2021,trafford,Trafford,MB,21,25,7,0.280000
2021,tunbridge-wells,Tunbridge Wells,SDT,22,24,14,0.583333
2021,uttlesford,Uttlesford,SC,4,4,3,0.750000
2021,vale-of-white-horse,Vale Of White Horse,SC,11,12,2,0.166667
2021,wakefield,Wakefield,MB,21,22,11,0.500000
2021,walsall,Walsall,MB,20,22,2,0.090909
2021,warrington,Warrington,UAA,22,58,0,0.000000
2021,warwick,Warwick,SC,14,14,6,0.428571
2021,watford,Watford,SDT,18,19,11,0.578947
2021,waverley,Waverley,SC,9,9,2,0.222222
2021,wealden,Wealden,SC,15,15,5,0.333333
2021,welwyn-hatfield,Welwyn Hatfield,SDT,24,25,16,0.640000
2021,west-devon,West Devon,SC,4,4,3,0.750000
2021,west-lancashire,West Lancashire,SDT,26,27,9,0.333333
2021,west-lindsey,West Lindsey,SC,9,9,2,0.222222
2021,west-northamptonshire,West Northamptonshire,UAA,31,93,0,0.000000
2021,west-oxfordshire,West Oxfordshire,SC,27,27,11,0.407407
2021,west-suffolk,West Suffolk,SC,14,16,5,0.312500
2021,wigan,Wigan,MB,25,26,6,0.230769
2021,wiltshire,Wiltshire,UAA,98,98,29,0.295918
2021,winchester,Winchester,SDT,21,22,6,0.272727
2021,wirral,Wirral,MB,22,23,2,0.086957
2021,woking,Woking,SDT,17,17,9,0.529412
2021,wokingham,Wokingham,UAT,18,18,9,0.500000
2021,wolverhampton,Wolverhampton,MB,20,22,2,0.090909
2021,worcester,Worcester,SDT,22,22,11,0.500000
2021,worthing,Worthing,SC,22,22,14,0.636364
2021,wychavon,Wychavon,SC,12,12,1,0.083333
2021,wyre,Wyre,SC,8,8,0,0.000000
2021,wyre-forest,Wyre Forest,SC,9,10,4,0.400000
